battery_oc_v,efficiency,source_r_ohm,bms_limit_a,input_current_a,source_sag_v,battery_terminal_v,current_margin_a,bms_pass,voltage_margin_to_6v_cutoff_v
6.0,0.85,0.05,3.0,3.066666666666667,0.15333333333333335,5.846666666666667,-0.06666666666666687,False,-0.15333333333333332
6.0,0.85,0.05,4.0,3.066666666666667,0.15333333333333335,5.846666666666667,0.9333333333333331,True,-0.15333333333333332
6.0,0.85,0.05,5.0,3.066666666666667,0.15333333333333335,5.846666666666667,1.9333333333333331,True,-0.15333333333333332
6.0,0.85,0.05,6.0,3.066666666666667,0.15333333333333335,5.846666666666667,2.933333333333333,True,-0.15333333333333332
6.0,0.85,0.1,3.0,3.066666666666667,0.3066666666666667,5.693333333333333,-0.06666666666666687,False,-0.30666666666666664
6.0,0.85,0.1,4.0,3.066666666666667,0.3066666666666667,5.693333333333333,0.9333333333333331,True,-0.30666666666666664
6.0,0.85,0.1,5.0,3.066666666666667,0.3066666666666667,5.693333333333333,1.9333333333333331,True,-0.30666666666666664
6.0,0.85,0.1,6.0,3.066666666666667,0.3066666666666667,5.693333333333333,2.933333333333333,True,-0.30666666666666664
6.0,0.85,0.15,3.0,3.066666666666667,0.46,5.54,-0.06666666666666687,False,-0.45999999999999996
6.0,0.85,0.15,4.0,3.066666666666667,0.46,5.54,0.9333333333333331,True,-0.45999999999999996
6.0,0.85,0.15,5.0,3.066666666666667,0.46,5.54,1.9333333333333331,True,-0.45999999999999996
6.0,0.85,0.15,6.0,3.066666666666667,0.46,5.54,2.933333333333333,True,-0.45999999999999996
6.0,0.85,0.2,3.0,3.066666666666667,0.6133333333333334,5.386666666666667,-0.06666666666666687,False,-0.6133333333333333
6.0,0.85,0.2,4.0,3.066666666666667,0.6133333333333334,5.386666666666667,0.9333333333333331,True,-0.6133333333333333
6.0,0.85,0.2,5.0,3.066666666666667,0.6133333333333334,5.386666666666667,1.9333333333333331,True,-0.6133333333333333
6.0,0.85,0.2,6.0,3.066666666666667,0.6133333333333334,5.386666666666667,2.933333333333333,True,-0.6133333333333333
6.0,0.85,0.25,3.0,3.066666666666667,0.7666666666666667,5.233333333333333,-0.06666666666666687,False,-0.7666666666666666
6.0,0.85,0.25,4.0,3.066666666666667,0.7666666666666667,5.233333333333333,0.9333333333333331,True,-0.7666666666666666
6.0,0.85,0.25,5.0,3.066666666666667,0.7666666666666667,5.233333333333333,1.9333333333333331,True,-0.7666666666666666
6.0,0.85,0.25,6.0,3.066666666666667,0.7666666666666667,5.233333333333333,2.933333333333333,True,-0.7666666666666666
6.0,0.9,0.05,3.0,2.896296296296296,0.1448148148148148,5.855185185185185,0.10370370370370408,True,-0.14481481481481495
6.0,0.9,0.05,4.0,2.896296296296296,0.1448148148148148,5.855185185185185,1.103703703703704,True,-0.14481481481481495
6.0,0.9,0.05,5.0,2.896296296296296,0.1448148148148148,5.855185185185185,2.103703703703704,True,-0.14481481481481495
6.0,0.9,0.05,6.0,2.896296296296296,0.1448148148148148,5.855185185185185,3.103703703703704,True,-0.14481481481481495
6.0,0.9,0.1,3.0,2.896296296296296,0.2896296296296296,5.71037037037037,0.10370370370370408,True,-0.2896296296296299
6.0,0.9,0.1,4.0,2.896296296296296,0.2896296296296296,5.71037037037037,1.103703703703704,True,-0.2896296296296299
6.0,0.9,0.1,5.0,2.896296296296296,0.2896296296296296,5.71037037037037,2.103703703703704,True,-0.2896296296296299
6.0,0.9,0.1,6.0,2.896296296296296,0.2896296296296296,5.71037037037037,3.103703703703704,True,-0.2896296296296299
6.0,0.9,0.15,3.0,2.896296296296296,0.43444444444444436,5.565555555555556,0.10370370370370408,True,-0.43444444444444397
6.0,0.9,0.15,4.0,2.896296296296296,0.43444444444444436,5.565555555555556,1.103703703703704,True,-0.43444444444444397
6.0,0.9,0.15,5.0,2.896296296296296,0.43444444444444436,5.565555555555556,2.103703703703704,True,-0.43444444444444397
6.0,0.9,0.15,6.0,2.896296296296296,0.43444444444444436,5.565555555555556,3.103703703703704,True,-0.43444444444444397
6.0,0.9,0.2,3.0,2.896296296296296,0.5792592592592593,5.420740740740741,0.10370370370370408,True,-0.5792592592592589
6.0,0.9,0.2,4.0,2.896296296296296,0.5792592592592593,5.420740740740741,1.103703703703704,True,-0.5792592592592589
6.0,0.9,0.2,5.0,2.896296296296296,0.5792592592592593,5.420740740740741,2.103703703703704,True,-0.5792592592592589
6.0,0.9,0.2,6.0,2.896296296296296,0.5792592592592593,5.420740740740741,3.103703703703704,True,-0.5792592592592589
6.0,0.9,0.25,3.0,2.896296296296296,0.724074074074074,5.275925925925926,0.10370370370370408,True,-0.7240740740740739
6.0,0.9,0.25,4.0,2.896296296296296,0.724074074074074,5.275925925925926,1.103703703703704,True,-0.7240740740740739
6.0,0.9,0.25,5.0,2.896296296296296,0.724074074074074,5.275925925925926,2.103703703703704,True,-0.7240740740740739
6.0,0.9,0.25,6.0,2.896296296296296,0.724074074074074,5.275925925925926,3.103703703703704,True,-0.7240740740740739
6.0,0.95,0.05,3.0,2.743859649122807,0.13719298245614037,5.86280701754386,0.2561403508771929,True,-0.1371929824561402
6.0,0.95,0.05,4.0,2.743859649122807,0.13719298245614037,5.86280701754386,1.256140350877193,True,-0.1371929824561402
6.0,0.95,0.05,5.0,2.743859649122807,0.13719298245614037,5.86280701754386,2.256140350877193,True,-0.1371929824561402
6.0,0.95,0.05,6.0,2.743859649122807,0.13719298245614037,5.86280701754386,3.256140350877193,True,-0.1371929824561402
6.0,0.95,0.1,3.0,2.743859649122807,0.27438596491228073,5.72561403508772,0.2561403508771929,True,-0.2743859649122804
6.0,0.95,0.1,4.0,2.743859649122807,0.27438596491228073,5.72561403508772,1.256140350877193,True,-0.2743859649122804
6.0,0.95,0.1,5.0,2.743859649122807,0.27438596491228073,5.72561403508772,2.256140350877193,True,-0.2743859649122804
6.0,0.95,0.1,6.0,2.743859649122807,0.27438596491228073,5.72561403508772,3.256140350877193,True,-0.2743859649122804
6.0,0.95,0.15,3.0,2.743859649122807,0.41157894736842104,5.588421052631579,0.2561403508771929,True,-0.4115789473684206
6.0,0.95,0.15,4.0,2.743859649122807,0.41157894736842104,5.588421052631579,1.256140350877193,True,-0.4115789473684206
6.0,0.95,0.15,5.0,2.743859649122807,0.41157894736842104,5.588421052631579,2.256140350877193,True,-0.4115789473684206
6.0,0.95,0.15,6.0,2.743859649122807,0.41157894736842104,5.588421052631579,3.256140350877193,True,-0.4115789473684206
6.0,0.95,0.2,3.0,2.743859649122807,0.5487719298245615,5.451228070175438,0.2561403508771929,True,-0.5487719298245617
6.0,0.95,0.2,4.0,2.743859649122807,0.5487719298245615,5.451228070175438,1.256140350877193,True,-0.5487719298245617
6.0,0.95,0.2,5.0,2.743859649122807,0.5487719298245615,5.451228070175438,2.256140350877193,True,-0.5487719298245617
6.0,0.95,0.2,6.0,2.743859649122807,0.5487719298245615,5.451228070175438,3.256140350877193,True,-0.5487719298245617
6.0,0.95,0.25,3.0,2.743859649122807,0.6859649122807018,5.314035087719298,0.2561403508771929,True,-0.6859649122807019
6.0,0.95,0.25,4.0,2.743859649122807,0.6859649122807018,5.314035087719298,1.256140350877193,True,-0.6859649122807019
6.0,0.95,0.25,5.0,2.743859649122807,0.6859649122807018,5.314035087719298,2.256140350877193,True,-0.6859649122807019
6.0,0.95,0.25,6.0,2.743859649122807,0.6859649122807018,5.314035087719298,3.256140350877193,True,-0.6859649122807019
6.2,0.85,0.05,3.0,2.9677419354838714,0.14838709677419357,6.051612903225807,0.03225806451612856,True,0.05161290322580658
6.2,0.85,0.05,4.0,2.9677419354838714,0.14838709677419357,6.051612903225807,1.0322580645161286,True,0.05161290322580658
6.2,0.85,0.05,5.0,2.9677419354838714,0.14838709677419357,6.051612903225807,2.0322580645161286,True,0.05161290322580658
6.2,0.85,0.05,6.0,2.9677419354838714,0.14838709677419357,6.051612903225807,3.0322580645161286,True,0.05161290322580658
6.2,0.85,0.1,3.0,2.9677419354838714,0.29677419354838713,5.903225806451613,0.03225806451612856,True,-0.09677419354838701
6.2,0.85,0.1,4.0,2.9677419354838714,0.29677419354838713,5.903225806451613,1.0322580645161286,True,-0.09677419354838701
6.2,0.85,0.1,5.0,2.9677419354838714,0.29677419354838713,5.903225806451613,2.0322580645161286,True,-0.09677419354838701
6.2,0.85,0.1,6.0,2.9677419354838714,0.29677419354838713,5.903225806451613,3.0322580645161286,True,-0.09677419354838701
6.2,0.85,0.15,3.0,2.9677419354838714,0.4451612903225807,5.754838709677419,0.03225806451612856,True,-0.2451612903225806
6.2,0.85,0.15,4.0,2.9677419354838714,0.4451612903225807,5.754838709677419,1.0322580645161286,True,-0.2451612903225806
6.2,0.85,0.15,5.0,2.9677419354838714,0.4451612903225807,5.754838709677419,2.0322580645161286,True,-0.2451612903225806
6.2,0.85,0.15,6.0,2.9677419354838714,0.4451612903225807,5.754838709677419,3.0322580645161286,True,-0.2451612903225806
6.2,0.85,0.2,3.0,2.9677419354838714,0.5935483870967743,5.606451612903226,0.03225806451612856,True,-0.3935483870967742
6.2,0.85,0.2,4.0,2.9677419354838714,0.5935483870967743,5.606451612903226,1.0322580645161286,True,-0.3935483870967742
6.2,0.85,0.2,5.0,2.9677419354838714,0.5935483870967743,5.606451612903226,2.0322580645161286,True,-0.3935483870967742
6.2,0.85,0.2,6.0,2.9677419354838714,0.5935483870967743,5.606451612903226,3.0322580645161286,True,-0.3935483870967742
6.2,0.85,0.25,3.0,2.9677419354838714,0.7419354838709679,5.458064516129032,0.03225806451612856,True,-0.5419354838709678
6.2,0.85,0.25,4.0,2.9677419354838714,0.7419354838709679,5.458064516129032,1.0322580645161286,True,-0.5419354838709678
6.2,0.85,0.25,5.0,2.9677419354838714,0.7419354838709679,5.458064516129032,2.0322580645161286,True,-0.5419354838709678
6.2,0.85,0.25,6.0,2.9677419354838714,0.7419354838709679,5.458064516129032,3.0322580645161286,True,-0.5419354838709678
6.2,0.9,0.05,3.0,2.8028673835125444,0.14014336917562722,6.059856630824373,0.19713261648745561,True,0.05985663082437309
6.2,0.9,0.05,4.0,2.8028673835125444,0.14014336917562722,6.059856630824373,1.1971326164874556,True,0.05985663082437309
6.2,0.9,0.05,5.0,2.8028673835125444,0.14014336917562722,6.059856630824373,2.1971326164874556,True,0.05985663082437309
6.2,0.9,0.05,6.0,2.8028673835125444,0.14014336917562722,6.059856630824373,3.1971326164874556,True,0.05985663082437309
6.2,0.9,0.1,3.0,2.8028673835125444,0.28028673835125445,5.919713261648746,0.19713261648745561,True,-0.080286738351254
6.2,0.9,0.1,4.0,2.8028673835125444,0.28028673835125445,5.919713261648746,1.1971326164874556,True,-0.080286738351254
6.2,0.9,0.1,5.0,2.8028673835125444,0.28028673835125445,5.919713261648746,2.1971326164874556,True,-0.080286738351254
6.2,0.9,0.1,6.0,2.8028673835125444,0.28028673835125445,5.919713261648746,3.1971326164874556,True,-0.080286738351254
6.2,0.9,0.15,3.0,2.8028673835125444,0.42043010752688165,5.779569892473119,0.19713261648745561,True,-0.22043010752688108
6.2,0.9,0.15,4.0,2.8028673835125444,0.42043010752688165,5.779569892473119,1.1971326164874556,True,-0.22043010752688108
6.2,0.9,0.15,5.0,2.8028673835125444,0.42043010752688165,5.779569892473119,2.1971326164874556,True,-0.22043010752688108
6.2,0.9,0.15,6.0,2.8028673835125444,0.42043010752688165,5.779569892473119,3.1971326164874556,True,-0.22043010752688108
6.2,0.9,0.2,3.0,2.8028673835125444,0.5605734767025089,5.639426523297491,0.19713261648745561,True,-0.36057347670250905
6.2,0.9,0.2,4.0,2.8028673835125444,0.5605734767025089,5.639426523297491,1.1971326164874556,True,-0.36057347670250905
6.2,0.9,0.2,5.0,2.8028673835125444,0.5605734767025089,5.639426523297491,2.1971326164874556,True,-0.36057347670250905
6.2,0.9,0.2,6.0,2.8028673835125444,0.5605734767025089,5.639426523297491,3.1971326164874556,True,-0.36057347670250905
6.2,0.9,0.25,3.0,2.8028673835125444,0.7007168458781361,5.499283154121864,0.19713261648745561,True,-0.5007168458781361
6.2,0.9,0.25,4.0,2.8028673835125444,0.7007168458781361,5.499283154121864,1.1971326164874556,True,-0.5007168458781361
6.2,0.9,0.25,5.0,2.8028673835125444,0.7007168458781361,5.499283154121864,2.1971326164874556,True,-0.5007168458781361
6.2,0.9,0.25,6.0,2.8028673835125444,0.7007168458781361,5.499283154121864,3.1971326164874556,True,-0.5007168458781361
6.2,0.95,0.05,3.0,2.6553480475382,0.13276740237691,6.06723259762309,0.3446519524617999,True,0.0672325976230903
6.2,0.95,0.05,4.0,2.6553480475382,0.13276740237691,6.06723259762309,1.3446519524618,True,0.0672325976230903
6.2,0.95,0.05,5.0,2.6553480475382,0.13276740237691,6.06723259762309,2.3446519524618,True,0.0672325976230903
6.2,0.95,0.05,6.0,2.6553480475382,0.13276740237691,6.06723259762309,3.3446519524618,True,0.0672325976230903
6.2,0.95,0.1,3.0,2.6553480475382,0.26553480475382,5.93446519524618,0.3446519524617999,True,-0.06553480475381956
6.2,0.95,0.1,4.0,2.6553480475382,0.26553480475382,5.93446519524618,1.3446519524618,True,-0.06553480475381956
6.2,0.95,0.1,5.0,2.6553480475382,0.26553480475382,5.93446519524618,2.3446519524618,True,-0.06553480475381956
6.2,0.95,0.1,6.0,2.6553480475382,0.26553480475382,5.93446519524618,3.3446519524618,True,-0.06553480475381956
6.2,0.95,0.15,3.0,2.6553480475382,0.39830220713073,5.801697792869271,0.3446519524617999,True,-0.19830220713072944
6.2,0.95,0.15,4.0,2.6553480475382,0.39830220713073,5.801697792869271,1.3446519524618,True,-0.19830220713072944
6.2,0.95,0.15,5.0,2.6553480475382,0.39830220713073,5.801697792869271,2.3446519524618,True,-0.19830220713072944
6.2,0.95,0.15,6.0,2.6553480475382,0.39830220713073,5.801697792869271,3.3446519524618,True,-0.19830220713072944
6.2,0.95,0.2,3.0,2.6553480475382,0.53106960950764,5.66893039049236,0.3446519524617999,True,-0.3310696095076402
6.2,0.95,0.2,4.0,2.6553480475382,0.53106960950764,5.66893039049236,1.3446519524618,True,-0.3310696095076402
6.2,0.95,0.2,5.0,2.6553480475382,0.53106960950764,5.66893039049236,2.3446519524618,True,-0.3310696095076402
6.2,0.95,0.2,6.0,2.6553480475382,0.53106960950764,5.66893039049236,3.3446519524618,True,-0.3310696095076402
6.2,0.95,0.25,3.0,2.6553480475382,0.66383701188455,5.53616298811545,0.3446519524617999,True,-0.46383701188455007
6.2,0.95,0.25,4.0,2.6553480475382,0.66383701188455,5.53616298811545,1.3446519524618,True,-0.46383701188455007
6.2,0.95,0.25,5.0,2.6553480475382,0.66383701188455,5.53616298811545,2.3446519524618,True,-0.46383701188455007
6.2,0.95,0.25,6.0,2.6553480475382,0.66383701188455,5.53616298811545,3.3446519524618,True,-0.46383701188455007
6.4,0.85,0.05,3.0,2.875,0.14375000000000002,6.2562500000000005,0.125,True,0.25625000000000053
6.4,0.85,0.05,4.0,2.875,0.14375000000000002,6.2562500000000005,1.125,True,0.25625000000000053
6.4,0.85,0.05,5.0,2.875,0.14375000000000002,6.2562500000000005,2.125,True,0.25625000000000053
6.4,0.85,0.05,6.0,2.875,0.14375000000000002,6.2562500000000005,3.125,True,0.25625000000000053
6.4,0.85,0.1,3.0,2.875,0.28750000000000003,6.112500000000001,0.125,True,0.11250000000000071
6.4,0.85,0.1,4.0,2.875,0.28750000000000003,6.112500000000001,1.125,True,0.11250000000000071
6.4,0.85,0.1,5.0,2.875,0.28750000000000003,6.112500000000001,2.125,True,0.11250000000000071
6.4,0.85,0.1,6.0,2.875,0.28750000000000003,6.112500000000001,3.125,True,0.11250000000000071
6.4,0.85,0.15,3.0,2.875,0.43124999999999997,5.96875,0.125,True,-0.03125
6.4,0.85,0.15,4.0,2.875,0.43124999999999997,5.96875,1.125,True,-0.03125
6.4,0.85,0.15,5.0,2.875,0.43124999999999997,5.96875,2.125,True,-0.03125
6.4,0.85,0.15,6.0,2.875,0.43124999999999997,5.96875,3.125,True,-0.03125
6.4,0.85,0.2,3.0,2.875,0.5750000000000001,5.825,0.125,True,-0.17499999999999982
6.4,0.85,0.2,4.0,2.875,0.5750000000000001,5.825,1.125,True,-0.17499999999999982
6.4,0.85,0.2,5.0,2.875,0.5750000000000001,5.825,2.125,True,-0.17499999999999982
6.4,0.85,0.2,6.0,2.875,0.5750000000000001,5.825,3.125,True,-0.17499999999999982
6.4,0.85,0.25,3.0,2.875,0.71875,5.68125,0.125,True,-0.31874999999999964
6.4,0.85,0.25,4.0,2.875,0.71875,5.68125,1.125,True,-0.31874999999999964
6.4,0.85,0.25,5.0,2.875,0.71875,5.68125,2.125,True,-0.31874999999999964
6.4,0.85,0.25,6.0,2.875,0.71875,5.68125,3.125,True,-0.31874999999999964
6.4,0.9,0.05,3.0,2.7152777777777772,0.13576388888888888,6.264236111111112,0.28472222222222276,True,0.2642361111111118
6.4,0.9,0.05,4.0,2.7152777777777772,0.13576388888888888,6.264236111111112,1.2847222222222228,True,0.2642361111111118
6.4,0.9,0.05,5.0,2.7152777777777772,0.13576388888888888,6.264236111111112,2.2847222222222228,True,0.2642361111111118
6.4,0.9,0.05,6.0,2.7152777777777772,0.13576388888888888,6.264236111111112,3.2847222222222228,True,0.2642361111111118
6.4,0.9,0.1,3.0,2.7152777777777772,0.27152777777777776,6.128472222222222,0.28472222222222276,True,0.12847222222222232
6.4,0.9,0.1,4.0,2.7152777777777772,0.27152777777777776,6.128472222222222,1.2847222222222228,True,0.12847222222222232
6.4,0.9,0.1,5.0,2.7152777777777772,0.27152777777777776,6.128472222222222,2.2847222222222228,True,0.12847222222222232
6.4,0.9,0.1,6.0,2.7152777777777772,0.27152777777777776,6.128472222222222,3.2847222222222228,True,0.12847222222222232
6.4,0.9,0.15,3.0,2.7152777777777772,0.40729166666666655,5.992708333333334,0.28472222222222276,True,-0.007291666666666252
6.4,0.9,0.15,4.0,2.7152777777777772,0.40729166666666655,5.992708333333334,1.2847222222222228,True,-0.007291666666666252
6.4,0.9,0.15,5.0,2.7152777777777772,0.40729166666666655,5.992708333333334,2.2847222222222228,True,-0.007291666666666252
6.4,0.9,0.15,6.0,2.7152777777777772,0.40729166666666655,5.992708333333334,3.2847222222222228,True,-0.007291666666666252
6.4,0.9,0.2,3.0,2.7152777777777772,0.5430555555555555,5.856944444444445,0.28472222222222276,True,-0.14305555555555483
6.4,0.9,0.2,4.0,2.7152777777777772,0.5430555555555555,5.856944444444445,1.2847222222222228,True,-0.14305555555555483
6.4,0.9,0.2,5.0,2.7152777777777772,0.5430555555555555,5.856944444444445,2.2847222222222228,True,-0.14305555555555483
6.4,0.9,0.2,6.0,2.7152777777777772,0.5430555555555555,5.856944444444445,3.2847222222222228,True,-0.14305555555555483
6.4,0.9,0.25,3.0,2.7152777777777772,0.6788194444444443,5.721180555555556,0.28472222222222276,True,-0.2788194444444443
6.4,0.9,0.25,4.0,2.7152777777777772,0.6788194444444443,5.721180555555556,1.2847222222222228,True,-0.2788194444444443
6.4,0.9,0.25,5.0,2.7152777777777772,0.6788194444444443,5.721180555555556,2.2847222222222228,True,-0.2788194444444443
6.4,0.9,0.25,6.0,2.7152777777777772,0.6788194444444443,5.721180555555556,3.2847222222222228,True,-0.2788194444444443
6.4,0.95,0.05,3.0,2.5723684210526314,0.12861842105263158,6.271381578947369,0.4276315789473686,True,0.27138157894736903
6.4,0.95,0.05,4.0,2.5723684210526314,0.12861842105263158,6.271381578947369,1.4276315789473686,True,0.27138157894736903
6.4,0.95,0.05,5.0,2.5723684210526314,0.12861842105263158,6.271381578947369,2.4276315789473686,True,0.27138157894736903
6.4,0.95,0.05,6.0,2.5723684210526314,0.12861842105263158,6.271381578947369,3.4276315789473686,True,0.27138157894736903
6.4,0.95,0.1,3.0,2.5723684210526314,0.25723684210526315,6.142763157894737,0.4276315789473686,True,0.14276315789473681
6.4,0.95,0.1,4.0,2.5723684210526314,0.25723684210526315,6.142763157894737,1.4276315789473686,True,0.14276315789473681
6.4,0.95,0.1,5.0,2.5723684210526314,0.25723684210526315,6.142763157894737,2.4276315789473686,True,0.14276315789473681
6.4,0.95,0.1,6.0,2.5723684210526314,0.25723684210526315,6.142763157894737,3.4276315789473686,True,0.14276315789473681
6.4,0.95,0.15,3.0,2.5723684210526314,0.3858552631578947,6.0141447368421055,0.4276315789473686,True,0.014144736842105488
6.4,0.95,0.15,4.0,2.5723684210526314,0.3858552631578947,6.0141447368421055,1.4276315789473686,True,0.014144736842105488
6.4,0.95,0.15,5.0,2.5723684210526314,0.3858552631578947,6.0141447368421055,2.4276315789473686,True,0.014144736842105488
6.4,0.95,0.15,6.0,2.5723684210526314,0.3858552631578947,6.0141447368421055,3.4276315789473686,True,0.014144736842105488
6.4,0.95,0.2,3.0,2.5723684210526314,0.5144736842105263,5.885526315789474,0.4276315789473686,True,-0.11447368421052584
6.4,0.95,0.2,4.0,2.5723684210526314,0.5144736842105263,5.885526315789474,1.4276315789473686,True,-0.11447368421052584
6.4,0.95,0.2,5.0,2.5723684210526314,0.5144736842105263,5.885526315789474,2.4276315789473686,True,-0.11447368421052584
6.4,0.95,0.2,6.0,2.5723684210526314,0.5144736842105263,5.885526315789474,3.4276315789473686,True,-0.11447368421052584
6.4,0.95,0.25,3.0,2.5723684210526314,0.6430921052631579,5.756907894736843,0.4276315789473686,True,-0.24309210526315717
6.4,0.95,0.25,4.0,2.5723684210526314,0.6430921052631579,5.756907894736843,1.4276315789473686,True,-0.24309210526315717
6.4,0.95,0.25,5.0,2.5723684210526314,0.6430921052631579,5.756907894736843,2.4276315789473686,True,-0.24309210526315717
6.4,0.95,0.25,6.0,2.5723684210526314,0.6430921052631579,5.756907894736843,3.4276315789473686,True,-0.24309210526315717
7.0,0.85,0.05,3.0,2.628571428571429,0.13142857142857145,6.868571428571428,0.371428571428571,True,0.8685714285714283
7.0,0.85,0.05,4.0,2.628571428571429,0.13142857142857145,6.868571428571428,1.371428571428571,True,0.8685714285714283
7.0,0.85,0.05,5.0,2.628571428571429,0.13142857142857145,6.868571428571428,2.371428571428571,True,0.8685714285714283
7.0,0.85,0.05,6.0,2.628571428571429,0.13142857142857145,6.868571428571428,3.371428571428571,True,0.8685714285714283
7.0,0.85,0.1,3.0,2.628571428571429,0.2628571428571429,6.737142857142857,0.371428571428571,True,0.7371428571428567
7.0,0.85,0.1,4.0,2.628571428571429,0.2628571428571429,6.737142857142857,1.371428571428571,True,0.7371428571428567
7.0,0.85,0.1,5.0,2.628571428571429,0.2628571428571429,6.737142857142857,2.371428571428571,True,0.7371428571428567
7.0,0.85,0.1,6.0,2.628571428571429,0.2628571428571429,6.737142857142857,3.371428571428571,True,0.7371428571428567
7.0,0.85,0.15,3.0,2.628571428571429,0.39428571428571435,6.605714285714286,0.371428571428571,True,0.6057142857142859
7.0,0.85,0.15,4.0,2.628571428571429,0.39428571428571435,6.605714285714286,1.371428571428571,True,0.6057142857142859
7.0,0.85,0.15,5.0,2.628571428571429,0.39428571428571435,6.605714285714286,2.371428571428571,True,0.6057142857142859
7.0,0.85,0.15,6.0,2.628571428571429,0.39428571428571435,6.605714285714286,3.371428571428571,True,0.6057142857142859
7.0,0.85,0.2,3.0,2.628571428571429,0.5257142857142858,6.474285714285714,0.371428571428571,True,0.4742857142857142
7.0,0.85,0.2,4.0,2.628571428571429,0.5257142857142858,6.474285714285714,1.371428571428571,True,0.4742857142857142
7.0,0.85,0.2,5.0,2.628571428571429,0.5257142857142858,6.474285714285714,2.371428571428571,True,0.4742857142857142
7.0,0.85,0.2,6.0,2.628571428571429,0.5257142857142858,6.474285714285714,3.371428571428571,True,0.4742857142857142
7.0,0.85,0.25,3.0,2.628571428571429,0.6571428571428573,6.3428571428571425,0.371428571428571,True,0.3428571428571425
7.0,0.85,0.25,4.0,2.628571428571429,0.6571428571428573,6.3428571428571425,1.371428571428571,True,0.3428571428571425
7.0,0.85,0.25,5.0,2.628571428571429,0.6571428571428573,6.3428571428571425,2.371428571428571,True,0.3428571428571425
7.0,0.85,0.25,6.0,2.628571428571429,0.6571428571428573,6.3428571428571425,3.371428571428571,True,0.3428571428571425
7.0,0.9,0.05,3.0,2.482539682539682,0.12412698412698411,6.875873015873016,0.5174603174603178,True,0.8758730158730161
7.0,0.9,0.05,4.0,2.482539682539682,0.12412698412698411,6.875873015873016,1.5174603174603178,True,0.8758730158730161
7.0,0.9,0.05,5.0,2.482539682539682,0.12412698412698411,6.875873015873016,2.517460317460318,True,0.8758730158730161
7.0,0.9,0.05,6.0,2.482539682539682,0.12412698412698411,6.875873015873016,3.517460317460318,True,0.8758730158730161
7.0,0.9,0.1,3.0,2.482539682539682,0.24825396825396823,6.751746031746031,0.5174603174603178,True,0.7517460317460314
7.0,0.9,0.1,4.0,2.482539682539682,0.24825396825396823,6.751746031746031,1.5174603174603178,True,0.7517460317460314
7.0,0.9,0.1,5.0,2.482539682539682,0.24825396825396823,6.751746031746031,2.517460317460318,True,0.7517460317460314
7.0,0.9,0.1,6.0,2.482539682539682,0.24825396825396823,6.751746031746031,3.517460317460318,True,0.7517460317460314
7.0,0.9,0.15,3.0,2.482539682539682,0.3723809523809523,6.6276190476190475,0.5174603174603178,True,0.6276190476190475
7.0,0.9,0.15,4.0,2.482539682539682,0.3723809523809523,6.6276190476190475,1.5174603174603178,True,0.6276190476190475
7.0,0.9,0.15,5.0,2.482539682539682,0.3723809523809523,6.6276190476190475,2.517460317460318,True,0.6276190476190475
7.0,0.9,0.15,6.0,2.482539682539682,0.3723809523809523,6.6276190476190475,3.517460317460318,True,0.6276190476190475
7.0,0.9,0.2,3.0,2.482539682539682,0.49650793650793645,6.503492063492064,0.5174603174603178,True,0.5034920634920637
7.0,0.9,0.2,4.0,2.482539682539682,0.49650793650793645,6.503492063492064,1.5174603174603178,True,0.5034920634920637
7.0,0.9,0.2,5.0,2.482539682539682,0.49650793650793645,6.503492063492064,2.517460317460318,True,0.5034920634920637
7.0,0.9,0.2,6.0,2.482539682539682,0.49650793650793645,6.503492063492064,3.517460317460318,True,0.5034920634920637
7.0,0.9,0.25,3.0,2.482539682539682,0.6206349206349205,6.37936507936508,0.5174603174603178,True,0.3793650793650798
7.0,0.9,0.25,4.0,2.482539682539682,0.6206349206349205,6.37936507936508,1.5174603174603178,True,0.3793650793650798
7.0,0.9,0.25,5.0,2.482539682539682,0.6206349206349205,6.37936507936508,2.517460317460318,True,0.3793650793650798
7.0,0.9,0.25,6.0,2.482539682539682,0.6206349206349205,6.37936507936508,3.517460317460318,True,0.3793650793650798
7.0,0.95,0.05,3.0,2.35187969924812,0.11759398496240601,6.882406015037594,0.6481203007518799,True,0.8824060150375939
7.0,0.95,0.05,4.0,2.35187969924812,0.11759398496240601,6.882406015037594,1.6481203007518799,True,0.8824060150375939
7.0,0.95,0.05,5.0,2.35187969924812,0.11759398496240601,6.882406015037594,2.64812030075188,True,0.8824060150375939
7.0,0.95,0.05,6.0,2.35187969924812,0.11759398496240601,6.882406015037594,3.64812030075188,True,0.8824060150375939
7.0,0.95,0.1,3.0,2.35187969924812,0.23518796992481203,6.764812030075188,0.6481203007518799,True,0.7648120300751877
7.0,0.95,0.1,4.0,2.35187969924812,0.23518796992481203,6.764812030075188,1.6481203007518799,True,0.7648120300751877
7.0,0.95,0.1,5.0,2.35187969924812,0.23518796992481203,6.764812030075188,2.64812030075188,True,0.7648120300751877
7.0,0.95,0.1,6.0,2.35187969924812,0.23518796992481203,6.764812030075188,3.64812030075188,True,0.7648120300751877
7.0,0.95,0.15,3.0,2.35187969924812,0.35278195488721803,6.647218045112782,0.6481203007518799,True,0.6472180451127816
7.0,0.95,0.15,4.0,2.35187969924812,0.35278195488721803,6.647218045112782,1.6481203007518799,True,0.6472180451127816
7.0,0.95,0.15,5.0,2.35187969924812,0.35278195488721803,6.647218045112782,2.64812030075188,True,0.6472180451127816
7.0,0.95,0.15,6.0,2.35187969924812,0.35278195488721803,6.647218045112782,3.64812030075188,True,0.6472180451127816
7.0,0.95,0.2,3.0,2.35187969924812,0.47037593984962406,6.529624060150376,0.6481203007518799,True,0.5296240601503763
7.0,0.95,0.2,4.0,2.35187969924812,0.47037593984962406,6.529624060150376,1.6481203007518799,True,0.5296240601503763
7.0,0.95,0.2,5.0,2.35187969924812,0.47037593984962406,6.529624060150376,2.64812030075188,True,0.5296240601503763
7.0,0.95,0.2,6.0,2.35187969924812,0.47037593984962406,6.529624060150376,3.64812030075188,True,0.5296240601503763
7.0,0.95,0.25,3.0,2.35187969924812,0.58796992481203,6.41203007518797,0.6481203007518799,True,0.4120300751879702
7.0,0.95,0.25,4.0,2.35187969924812,0.58796992481203,6.41203007518797,1.6481203007518799,True,0.4120300751879702
7.0,0.95,0.25,5.0,2.35187969924812,0.58796992481203,6.41203007518797,2.64812030075188,True,0.4120300751879702
7.0,0.95,0.25,6.0,2.35187969924812,0.58796992481203,6.41203007518797,3.64812030075188,True,0.4120300751879702
7.4,0.85,0.05,3.0,2.486486486486487,0.12432432432432435,7.275675675675676,0.5135135135135132,True,1.275675675675676
7.4,0.85,0.05,4.0,2.486486486486487,0.12432432432432435,7.275675675675676,1.5135135135135132,True,1.275675675675676
7.4,0.85,0.05,5.0,2.486486486486487,0.12432432432432435,7.275675675675676,2.513513513513513,True,1.275675675675676
7.4,0.85,0.05,6.0,2.486486486486487,0.12432432432432435,7.275675675675676,3.513513513513513,True,1.275675675675676
7.4,0.85,0.1,3.0,2.486486486486487,0.2486486486486487,7.151351351351352,0.5135135135135132,True,1.1513513513513516
7.4,0.85,0.1,4.0,2.486486486486487,0.2486486486486487,7.151351351351352,1.5135135135135132,True,1.1513513513513516
7.4,0.85,0.1,5.0,2.486486486486487,0.2486486486486487,7.151351351351352,2.513513513513513,True,1.1513513513513516
7.4,0.85,0.1,6.0,2.486486486486487,0.2486486486486487,7.151351351351352,3.513513513513513,True,1.1513513513513516
7.4,0.85,0.15,3.0,2.486486486486487,0.372972972972973,7.027027027027027,0.5135135135135132,True,1.0270270270270272
7.4,0.85,0.15,4.0,2.486486486486487,0.372972972972973,7.027027027027027,1.5135135135135132,True,1.0270270270270272
7.4,0.85,0.15,5.0,2.486486486486487,0.372972972972973,7.027027027027027,2.513513513513513,True,1.0270270270270272
7.4,0.85,0.15,6.0,2.486486486486487,0.372972972972973,7.027027027027027,3.513513513513513,True,1.0270270270270272
7.4,0.85,0.2,3.0,2.486486486486487,0.4972972972972974,6.902702702702703,0.5135135135135132,True,0.9027027027027028
7.4,0.85,0.2,4.0,2.486486486486487,0.4972972972972974,6.902702702702703,1.5135135135135132,True,0.9027027027027028
7.4,0.85,0.2,5.0,2.486486486486487,0.4972972972972974,6.902702702702703,2.513513513513513,True,0.9027027027027028
7.4,0.85,0.2,6.0,2.486486486486487,0.4972972972972974,6.902702702702703,3.513513513513513,True,0.9027027027027028
7.4,0.85,0.25,3.0,2.486486486486487,0.6216216216216217,6.778378378378378,0.5135135135135132,True,0.7783783783783784
7.4,0.85,0.25,4.0,2.486486486486487,0.6216216216216217,6.778378378378378,1.5135135135135132,True,0.7783783783783784
7.4,0.85,0.25,5.0,2.486486486486487,0.6216216216216217,6.778378378378378,2.513513513513513,True,0.7783783783783784
7.4,0.85,0.25,6.0,2.486486486486487,0.6216216216216217,6.778378378378378,3.513513513513513,True,0.7783783783783784
7.4,0.9,0.05,3.0,2.348348348348348,0.1174174174174174,7.282582582582583,0.651651651651652,True,1.2825825825825827
7.4,0.9,0.05,4.0,2.348348348348348,0.1174174174174174,7.282582582582583,1.651651651651652,True,1.2825825825825827
7.4,0.9,0.05,5.0,2.348348348348348,0.1174174174174174,7.282582582582583,2.651651651651652,True,1.2825825825825827
7.4,0.9,0.05,6.0,2.348348348348348,0.1174174174174174,7.282582582582583,3.651651651651652,True,1.2825825825825827
7.4,0.9,0.1,3.0,2.348348348348348,0.2348348348348348,7.165165165165165,0.651651651651652,True,1.165165165165165
7.4,0.9,0.1,4.0,2.348348348348348,0.2348348348348348,7.165165165165165,1.651651651651652,True,1.165165165165165
7.4,0.9,0.1,5.0,2.348348348348348,0.2348348348348348,7.165165165165165,2.651651651651652,True,1.165165165165165
7.4,0.9,0.1,6.0,2.348348348348348,0.2348348348348348,7.165165165165165,3.651651651651652,True,1.165165165165165
7.4,0.9,0.15,3.0,2.348348348348348,0.3522522522522522,7.047747747747748,0.651651651651652,True,1.0477477477477484
7.4,0.9,0.15,4.0,2.348348348348348,0.3522522522522522,7.047747747747748,1.651651651651652,True,1.0477477477477484
7.4,0.9,0.15,5.0,2.348348348348348,0.3522522522522522,7.047747747747748,2.651651651651652,True,1.0477477477477484
7.4,0.9,0.15,6.0,2.348348348348348,0.3522522522522522,7.047747747747748,3.651651651651652,True,1.0477477477477484
7.4,0.9,0.2,3.0,2.348348348348348,0.4696696696696696,6.930330330330331,0.651651651651652,True,0.9303303303303307
7.4,0.9,0.2,4.0,2.348348348348348,0.4696696696696696,6.930330330330331,1.651651651651652,True,0.9303303303303307
7.4,0.9,0.2,5.0,2.348348348348348,0.4696696696696696,6.930330330330331,2.651651651651652,True,0.9303303303303307
7.4,0.9,0.2,6.0,2.348348348348348,0.4696696696696696,6.930330330330331,3.651651651651652,True,0.9303303303303307
7.4,0.9,0.25,3.0,2.348348348348348,0.587087087087087,6.812912912912913,0.651651651651652,True,0.8129129129129131
7.4,0.9,0.25,4.0,2.348348348348348,0.587087087087087,6.812912912912913,1.651651651651652,True,0.8129129129129131
7.4,0.9,0.25,5.0,2.348348348348348,0.587087087087087,6.812912912912913,2.651651651651652,True,0.8129129129129131
7.4,0.9,0.25,6.0,2.348348348348348,0.587087087087087,6.812912912912913,3.651651651651652,True,0.8129129129129131
7.4,0.95,0.05,3.0,2.2247510668563297,0.11123755334281649,7.288762446657184,0.7752489331436703,True,1.2887624466571843
7.4,0.95,0.05,4.0,2.2247510668563297,0.11123755334281649,7.288762446657184,1.7752489331436703,True,1.2887624466571843
7.4,0.95,0.05,5.0,2.2247510668563297,0.11123755334281649,7.288762446657184,2.7752489331436703,True,1.2887624466571843
7.4,0.95,0.05,6.0,2.2247510668563297,0.11123755334281649,7.288762446657184,3.7752489331436703,True,1.2887624466571843
7.4,0.95,0.1,3.0,2.2247510668563297,0.22247510668563297,7.177524893314367,0.7752489331436703,True,1.1775248933143674
7.4,0.95,0.1,4.0,2.2247510668563297,0.22247510668563297,7.177524893314367,1.7752489331436703,True,1.1775248933143674
7.4,0.95,0.1,5.0,2.2247510668563297,0.22247510668563297,7.177524893314367,2.7752489331436703,True,1.1775248933143674
7.4,0.95,0.1,6.0,2.2247510668563297,0.22247510668563297,7.177524893314367,3.7752489331436703,True,1.1775248933143674
7.4,0.95,0.15,3.0,2.2247510668563297,0.33371266002844946,7.0662873399715505,0.7752489331436703,True,1.0662873399715505
7.4,0.95,0.15,4.0,2.2247510668563297,0.33371266002844946,7.0662873399715505,1.7752489331436703,True,1.0662873399715505
7.4,0.95,0.15,5.0,2.2247510668563297,0.33371266002844946,7.0662873399715505,2.7752489331436703,True,1.0662873399715505
7.4,0.95,0.15,6.0,2.2247510668563297,0.33371266002844946,7.0662873399715505,3.7752489331436703,True,1.0662873399715505
7.4,0.95,0.2,3.0,2.2247510668563297,0.44495021337126595,6.955049786628734,0.7752489331436703,True,0.9550497866287344
7.4,0.95,0.2,4.0,2.2247510668563297,0.44495021337126595,6.955049786628734,1.7752489331436703,True,0.9550497866287344
7.4,0.95,0.2,5.0,2.2247510668563297,0.44495021337126595,6.955049786628734,2.7752489331436703,True,0.9550497866287344
7.4,0.95,0.2,6.0,2.2247510668563297,0.44495021337126595,6.955049786628734,3.7752489331436703,True,0.9550497866287344
7.4,0.95,0.25,3.0,2.2247510668563297,0.5561877667140824,6.843812233285918,0.7752489331436703,True,0.8438122332859184
7.4,0.95,0.25,4.0,2.2247510668563297,0.5561877667140824,6.843812233285918,1.7752489331436703,True,0.8438122332859184
7.4,0.95,0.25,5.0,2.2247510668563297,0.5561877667140824,6.843812233285918,2.7752489331436703,True,0.8438122332859184
7.4,0.95,0.25,6.0,2.2247510668563297,0.5561877667140824,6.843812233285918,3.7752489331436703,True,0.8438122332859184
8.4,0.85,0.05,3.0,2.1904761904761907,0.10952380952380954,8.290476190476191,0.8095238095238093,True,2.290476190476191
8.4,0.85,0.05,4.0,2.1904761904761907,0.10952380952380954,8.290476190476191,1.8095238095238093,True,2.290476190476191
8.4,0.85,0.05,5.0,2.1904761904761907,0.10952380952380954,8.290476190476191,2.8095238095238093,True,2.290476190476191
8.4,0.85,0.05,6.0,2.1904761904761907,0.10952380952380954,8.290476190476191,3.8095238095238093,True,2.290476190476191
8.4,0.85,0.1,3.0,2.1904761904761907,0.21904761904761907,8.180952380952382,0.8095238095238093,True,2.180952380952382
8.4,0.85,0.1,4.0,2.1904761904761907,0.21904761904761907,8.180952380952382,1.8095238095238093,True,2.180952380952382
8.4,0.85,0.1,5.0,2.1904761904761907,0.21904761904761907,8.180952380952382,2.8095238095238093,True,2.180952380952382
8.4,0.85,0.1,6.0,2.1904761904761907,0.21904761904761907,8.180952380952382,3.8095238095238093,True,2.180952380952382
8.4,0.85,0.15,3.0,2.1904761904761907,0.32857142857142857,8.071428571428571,0.8095238095238093,True,2.071428571428571
8.4,0.85,0.15,4.0,2.1904761904761907,0.32857142857142857,8.071428571428571,1.8095238095238093,True,2.071428571428571
8.4,0.85,0.15,5.0,2.1904761904761907,0.32857142857142857,8.071428571428571,2.8095238095238093,True,2.071428571428571
8.4,0.85,0.15,6.0,2.1904761904761907,0.32857142857142857,8.071428571428571,3.8095238095238093,True,2.071428571428571
8.4,0.85,0.2,3.0,2.1904761904761907,0.43809523809523815,7.961904761904762,0.8095238095238093,True,1.961904761904762
8.4,0.85,0.2,4.0,2.1904761904761907,0.43809523809523815,7.961904761904762,1.8095238095238093,True,1.961904761904762
8.4,0.85,0.2,5.0,2.1904761904761907,0.43809523809523815,7.961904761904762,2.8095238095238093,True,1.961904761904762
8.4,0.85,0.2,6.0,2.1904761904761907,0.43809523809523815,7.961904761904762,3.8095238095238093,True,1.961904761904762
8.4,0.85,0.25,3.0,2.1904761904761907,0.5476190476190477,7.852380952380953,0.8095238095238093,True,1.852380952380953
8.4,0.85,0.25,4.0,2.1904761904761907,0.5476190476190477,7.852380952380953,1.8095238095238093,True,1.852380952380953
8.4,0.85,0.25,5.0,2.1904761904761907,0.5476190476190477,7.852380952380953,2.8095238095238093,True,1.852380952380953
8.4,0.85,0.25,6.0,2.1904761904761907,0.5476190476190477,7.852380952380953,3.8095238095238093,True,1.852380952380953
8.4,0.9,0.05,3.0,2.0687830687830684,0.10343915343915343,8.296560846560848,0.9312169312169316,True,2.2965608465608476
8.4,0.9,0.05,4.0,2.0687830687830684,0.10343915343915343,8.296560846560848,1.9312169312169316,True,2.2965608465608476
8.4,0.9,0.05,5.0,2.0687830687830684,0.10343915343915343,8.296560846560848,2.9312169312169316,True,2.2965608465608476
8.4,0.9,0.05,6.0,2.0687830687830684,0.10343915343915343,8.296560846560848,3.9312169312169316,True,2.2965608465608476
8.4,0.9,0.1,3.0,2.0687830687830684,0.20687830687830686,8.193121693121693,0.9312169312169316,True,2.193121693121693
8.4,0.9,0.1,4.0,2.0687830687830684,0.20687830687830686,8.193121693121693,1.9312169312169316,True,2.193121693121693
8.4,0.9,0.1,5.0,2.0687830687830684,0.20687830687830686,8.193121693121693,2.9312169312169316,True,2.193121693121693
8.4,0.9,0.1,6.0,2.0687830687830684,0.20687830687830686,8.193121693121693,3.9312169312169316,True,2.193121693121693
8.4,0.9,0.15,3.0,2.0687830687830684,0.31031746031746027,8.08968253968254,0.9312169312169316,True,2.0896825396825403
8.4,0.9,0.15,4.0,2.0687830687830684,0.31031746031746027,8.08968253968254,1.9312169312169316,True,2.0896825396825403
8.4,0.9,0.15,5.0,2.0687830687830684,0.31031746031746027,8.08968253968254,2.9312169312169316,True,2.0896825396825403
8.4,0.9,0.15,6.0,2.0687830687830684,0.31031746031746027,8.08968253968254,3.9312169312169316,True,2.0896825396825403
8.4,0.9,0.2,3.0,2.0687830687830684,0.4137566137566137,7.986243386243387,0.9312169312169316,True,1.9862433862433866
8.4,0.9,0.2,4.0,2.0687830687830684,0.4137566137566137,7.986243386243387,1.9312169312169316,True,1.9862433862433866
8.4,0.9,0.2,5.0,2.0687830687830684,0.4137566137566137,7.986243386243387,2.9312169312169316,True,1.9862433862433866
8.4,0.9,0.2,6.0,2.0687830687830684,0.4137566137566137,7.986243386243387,3.9312169312169316,True,1.9862433862433866
8.4,0.9,0.25,3.0,2.0687830687830684,0.5171957671957671,7.882804232804233,0.9312169312169316,True,1.882804232804233
8.4,0.9,0.25,4.0,2.0687830687830684,0.5171957671957671,7.882804232804233,1.9312169312169316,True,1.882804232804233
8.4,0.9,0.25,5.0,2.0687830687830684,0.5171957671957671,7.882804232804233,2.9312169312169316,True,1.882804232804233
8.4,0.9,0.25,6.0,2.0687830687830684,0.5171957671957671,7.882804232804233,3.9312169312169316,True,1.882804232804233
8.4,0.95,0.05,3.0,1.9598997493734334,0.09799498746867168,8.302005012531328,1.0401002506265666,True,2.3020050125313283
8.4,0.95,0.05,4.0,1.9598997493734334,0.09799498746867168,8.302005012531328,2.0401002506265664,True,2.3020050125313283
8.4,0.95,0.05,5.0,1.9598997493734334,0.09799498746867168,8.302005012531328,3.0401002506265664,True,2.3020050125313283
8.4,0.95,0.05,6.0,1.9598997493734334,0.09799498746867168,8.302005012531328,4.040100250626566,True,2.3020050125313283
8.4,0.95,0.1,3.0,1.9598997493734334,0.19598997493734335,8.204010025062656,1.0401002506265666,True,2.204010025062656
8.4,0.95,0.1,4.0,1.9598997493734334,0.19598997493734335,8.204010025062656,2.0401002506265664,True,2.204010025062656
8.4,0.95,0.1,5.0,1.9598997493734334,0.19598997493734335,8.204010025062656,3.0401002506265664,True,2.204010025062656
8.4,0.95,0.1,6.0,1.9598997493734334,0.19598997493734335,8.204010025062656,4.040100250626566,True,2.204010025062656
8.4,0.95,0.15,3.0,1.9598997493734334,0.293984962406015,8.106015037593986,1.0401002506265666,True,2.106015037593986
8.4,0.95,0.15,4.0,1.9598997493734334,0.293984962406015,8.106015037593986,2.0401002506265664,True,2.106015037593986
8.4,0.95,0.15,5.0,1.9598997493734334,0.293984962406015,8.106015037593986,3.0401002506265664,True,2.106015037593986
8.4,0.95,0.15,6.0,1.9598997493734334,0.293984962406015,8.106015037593986,4.040100250626566,True,2.106015037593986
8.4,0.95,0.2,3.0,1.9598997493734334,0.3919799498746867,8.008020050125314,1.0401002506265666,True,2.008020050125314
8.4,0.95,0.2,4.0,1.9598997493734334,0.3919799498746867,8.008020050125314,2.0401002506265664,True,2.008020050125314
8.4,0.95,0.2,5.0,1.9598997493734334,0.3919799498746867,8.008020050125314,3.0401002506265664,True,2.008020050125314
8.4,0.95,0.2,6.0,1.9598997493734334,0.3919799498746867,8.008020050125314,4.040100250626566,True,2.008020050125314
8.4,0.95,0.25,3.0,1.9598997493734334,0.48997493734335834,7.910025062656642,1.0401002506265666,True,1.9100250626566417
8.4,0.95,0.25,4.0,1.9598997493734334,0.48997493734335834,7.910025062656642,2.0401002506265664,True,1.9100250626566417
8.4,0.95,0.25,5.0,1.9598997493734334,0.48997493734335834,7.910025062656642,3.0401002506265664,True,1.9100250626566417
8.4,0.95,0.25,6.0,1.9598997493734334,0.48997493734335834,7.910025062656642,4.040100250626566,True,1.9100250626566417
