cap_uF,esr_mohm,tau_ms,v_esr_drop,v_cap_drop,vmin_v,regulator_current_peak_a,pass_3p4v
220,5,0.05,0.01,0.1855428509226298,3.80445714907737,2.9999999940226547,True
220,5,0.1,0.01,0.3753716151140364,3.6146283848859637,2.999868340203689,True
220,5,0.2,0.01,0.7550399119656611,3.234960088034339,2.980459953702652,False
220,5,0.5,0.01,1.8940689874093335,2.0959310125906665,2.607527678613823,False
220,5,1.0,0.01,3.782878175249912,0.2071218247500881,1.9331496206028174,False
220,10,0.05,0.02,0.1855428509226298,3.7944571490773704,2.9999999940226547,True
220,10,0.1,0.02,0.3753716151140364,3.6046283848859635,2.999868340203689,True
220,10,0.2,0.02,0.7550399119656611,3.2249600880343388,2.980459953702652,False
220,10,0.5,0.02,1.8940689874093335,2.0859310125906667,2.607527678613823,False
220,10,1.0,0.02,3.782878175249912,0.19712182475008788,1.9331496206028174,False
220,20,0.05,0.04,0.1855428509226298,3.77445714907737,2.9999999940226547,True
220,20,0.1,0.04,0.3753716151140364,3.5846283848859635,2.999868340203689,True
220,20,0.2,0.04,0.7550399119656611,3.2049600880343387,2.980459953702652,False
220,20,0.5,0.04,1.8940689874093335,2.0659310125906662,2.607527678613823,False
220,20,1.0,0.04,3.782878175249912,0.17712182475008786,1.9331496206028174,False
220,30,0.05,0.06,0.1855428509226298,3.7544571490773704,2.9999999940226547,True
220,30,0.1,0.06,0.3753716151140364,3.5646283848859635,2.999868340203689,True
220,30,0.2,0.06,0.7550399119656611,3.1849600880343387,2.980459953702652,False
220,30,0.5,0.06,1.8940689874093335,2.0459310125906667,2.607527678613823,False
220,30,1.0,0.06,3.782878175249912,0.15712182475008785,1.9331496206028174,False
220,50,0.05,0.1,0.1855428509226298,3.7144571490773703,2.9999999940226547,True
220,50,0.1,0.1,0.3753716151140364,3.5246283848859634,2.999868340203689,True
220,50,0.2,0.1,0.7550399119656611,3.1449600880343387,2.980459953702652,False
220,50,0.5,0.1,1.8940689874093335,2.0059310125906666,2.607527678613823,False
220,50,1.0,0.1,3.782878175249912,0.11712182475008781,1.9331496206028174,False
220,75,0.05,0.15,0.1855428509226298,3.6644571490773705,2.9999999940226547,True
220,75,0.1,0.15,0.3753716151140364,3.4746283848859636,2.999868340203689,True
220,75,0.2,0.15,0.7550399119656611,3.094960088034339,2.980459953702652,False
220,75,0.5,0.15,1.8940689874093335,1.9559310125906666,2.607527678613823,False
220,75,1.0,0.15,3.782878175249912,0.06712182475008799,1.9331496206028174,False
220,100,0.05,0.2,0.1855428509226298,3.61445714907737,2.9999999940226547,True
220,100,0.1,0.2,0.3753716151140364,3.4246283848859633,2.999868340203689,True
220,100,0.2,0.2,0.7550399119656611,3.0449600880343386,2.980459953702652,False
220,100,0.5,0.2,1.8940689874093335,1.9059310125906663,2.607527678613823,False
220,100,1.0,0.2,3.782878175249912,0.017121824750087722,1.9331496206028174,False
220,150,0.05,0.3,0.1855428509226298,3.51445714907737,2.9999999940226547,True
220,150,0.1,0.3,0.3753716151140364,3.3246283848859637,2.999868340203689,False
220,150,0.2,0.3,0.7550399119656611,2.944960088034339,2.980459953702652,False
220,150,0.5,0.3,1.8940689874093335,1.8059310125906667,2.607527678613823,False
220,150,1.0,0.3,3.782878175249912,-0.08287817524991192,1.9331496206028174,False
470,5,0.05,0.01,0.08684984511272031,3.90315015488728,2.9999999940226547,True
470,5,0.1,0.01,0.17570586239380426,3.814294137606196,2.999868340203689,True
470,5,0.2,0.01,0.3534229375158413,3.636577062484159,2.980459953702652,True
470,5,0.5,0.01,0.8865854834681987,3.1034145165318017,2.607527678613823,False
470,5,1.0,0.01,1.7707089330957033,2.219291066904297,1.9331496206028174,False
470,10,0.05,0.02,0.08684984511272031,3.89315015488728,2.9999999940226547,True
470,10,0.1,0.02,0.17570586239380426,3.804294137606196,2.999868340203689,True
470,10,0.2,0.02,0.3534229375158413,3.6265770624841585,2.980459953702652,True
470,10,0.5,0.02,0.8865854834681987,3.0934145165318014,2.607527678613823,False
470,10,1.0,0.02,1.7707089330957033,2.2092910669042967,1.9331496206028174,False
470,20,0.05,0.04,0.08684984511272031,3.8731501548872798,2.9999999940226547,True
470,20,0.1,0.04,0.17570586239380426,3.784294137606196,2.999868340203689,True
470,20,0.2,0.04,0.3534229375158413,3.606577062484159,2.980459953702652,True
470,20,0.5,0.04,0.8865854834681987,3.0734145165318014,2.607527678613823,False
470,20,1.0,0.04,1.7707089330957033,2.1892910669042966,1.9331496206028174,False
470,30,0.05,0.06,0.08684984511272031,3.8531501548872797,2.9999999940226547,True
470,30,0.1,0.06,0.17570586239380426,3.764294137606196,2.999868340203689,True
470,30,0.2,0.06,0.3534229375158413,3.5865770624841584,2.980459953702652,True
470,30,0.5,0.06,0.8865854834681987,3.0534145165318014,2.607527678613823,False
470,30,1.0,0.06,1.7707089330957033,2.1692910669042966,1.9331496206028174,False
470,50,0.05,0.1,0.08684984511272031,3.8131501548872797,2.9999999940226547,True
470,50,0.1,0.1,0.17570586239380426,3.7242941376061958,2.999868340203689,True
470,50,0.2,0.1,0.3534229375158413,3.5465770624841584,2.980459953702652,True
470,50,0.5,0.1,0.8865854834681987,3.0134145165318014,2.607527678613823,False
470,50,1.0,0.1,1.7707089330957033,2.1292910669042966,1.9331496206028174,False
470,75,0.05,0.15,0.08684984511272031,3.76315015488728,2.9999999940226547,True
470,75,0.1,0.15,0.17570586239380426,3.674294137606196,2.999868340203689,True
470,75,0.2,0.15,0.3534229375158413,3.4965770624841586,2.980459953702652,True
470,75,0.5,0.15,0.8865854834681987,2.9634145165318015,2.607527678613823,False
470,75,1.0,0.15,1.7707089330957033,2.0792910669042968,1.9331496206028174,False
470,100,0.05,0.2,0.08684984511272031,3.7131501548872796,2.9999999940226547,True
470,100,0.1,0.2,0.17570586239380426,3.6242941376061957,2.999868340203689,True
470,100,0.2,0.2,0.3534229375158413,3.4465770624841587,2.980459953702652,True
470,100,0.5,0.2,0.8865854834681987,2.9134145165318013,2.607527678613823,False
470,100,1.0,0.2,1.7707089330957033,2.0292910669042965,1.9331496206028174,False
470,150,0.05,0.3,0.08684984511272031,3.61315015488728,2.9999999940226547,True
470,150,0.1,0.3,0.17570586239380426,3.524294137606196,2.999868340203689,True
470,150,0.2,0.3,0.3534229375158413,3.346577062484159,2.980459953702652,False
470,150,0.5,0.3,0.8865854834681987,2.8134145165318016,2.607527678613823,False
470,150,1.0,0.3,1.7707089330957033,1.9292910669042969,1.9331496206028174,False
1000,5,0.05,0.01,0.04081942720297855,3.9491805727970215,2.9999999940226547,True
1000,5,0.1,0.01,0.08258175532508799,3.907418244674912,2.999868340203689,True
1000,5,0.2,0.01,0.1661087806324454,3.823891219367555,2.980459953702652,True
1000,5,0.5,0.01,0.41669517723005334,3.5733048227699467,2.607527678613823,True
1000,5,1.0,0.01,0.8322331985549806,3.1577668014450198,1.9331496206028174,False
1000,10,0.05,0.02,0.04081942720297855,3.9391805727970213,2.9999999940226547,True
1000,10,0.1,0.02,0.08258175532508799,3.897418244674912,2.999868340203689,True
1000,10,0.2,0.02,0.1661087806324454,3.8138912193675547,2.980459953702652,True
1000,10,0.5,0.02,0.41669517723005334,3.563304822769947,2.607527678613823,True
1000,10,1.0,0.02,0.8322331985549806,3.1477668014450195,1.9331496206028174,False
1000,20,0.05,0.04,0.04081942720297855,3.9191805727970213,2.9999999940226547,True
1000,20,0.1,0.04,0.08258175532508799,3.877418244674912,2.999868340203689,True
1000,20,0.2,0.04,0.1661087806324454,3.7938912193675547,2.980459953702652,True
1000,20,0.5,0.04,0.41669517723005334,3.5433048227699464,2.607527678613823,True
1000,20,1.0,0.04,0.8322331985549806,3.1277668014450195,1.9331496206028174,False
1000,30,0.05,0.06,0.04081942720297855,3.8991805727970212,2.9999999940226547,True
1000,30,0.1,0.06,0.08258175532508799,3.857418244674912,2.999868340203689,True
1000,30,0.2,0.06,0.1661087806324454,3.7738912193675547,2.980459953702652,True
1000,30,0.5,0.06,0.41669517723005334,3.523304822769947,2.607527678613823,True
1000,30,1.0,0.06,0.8322331985549806,3.1077668014450195,1.9331496206028174,False
1000,50,0.05,0.1,0.04081942720297855,3.859180572797021,2.9999999940226547,True
1000,50,0.1,0.1,0.08258175532508799,3.817418244674912,2.999868340203689,True
1000,50,0.2,0.1,0.1661087806324454,3.7338912193675546,2.980459953702652,True
1000,50,0.5,0.1,0.41669517723005334,3.483304822769947,2.607527678613823,True
1000,50,1.0,0.1,0.8322331985549806,3.0677668014450195,1.9331496206028174,False
1000,75,0.05,0.15,0.04081942720297855,3.8091805727970214,2.9999999940226547,True
1000,75,0.1,0.15,0.08258175532508799,3.767418244674912,2.999868340203689,True
1000,75,0.2,0.15,0.1661087806324454,3.683891219367555,2.980459953702652,True
1000,75,0.5,0.15,0.41669517723005334,3.433304822769947,2.607527678613823,True
1000,75,1.0,0.15,0.8322331985549806,3.0177668014450196,1.9331496206028174,False
1000,100,0.05,0.2,0.04081942720297855,3.759180572797021,2.9999999940226547,True
1000,100,0.1,0.2,0.08258175532508799,3.7174182446749118,2.999868340203689,True
1000,100,0.2,0.2,0.1661087806324454,3.6338912193675545,2.980459953702652,True
1000,100,0.5,0.2,0.41669517723005334,3.3833048227699463,2.607527678613823,False
1000,100,1.0,0.2,0.8322331985549806,2.9677668014450194,1.9331496206028174,False
1000,150,0.05,0.3,0.04081942720297855,3.6591805727970215,2.9999999940226547,True
1000,150,0.1,0.3,0.08258175532508799,3.617418244674912,2.999868340203689,True
1000,150,0.2,0.3,0.1661087806324454,3.533891219367555,2.980459953702652,True
1000,150,0.5,0.3,0.41669517723005334,3.2833048227699466,2.607527678613823,False
1000,150,1.0,0.3,0.8322331985549806,2.8677668014450197,1.9331496206028174,False
2200,5,0.05,0.01,0.01855428509226298,3.971445714907737,2.9999999940226547,True
2200,5,0.1,0.01,0.03753716151140364,3.9524628384885965,2.999868340203689,True
2200,5,0.2,0.01,0.07550399119656612,3.914496008803434,2.980459953702652,True
2200,5,0.5,0.01,0.18940689874093336,3.800593101259067,2.607527678613823,True
2200,5,1.0,0.01,0.3782878175249912,3.611712182475009,1.9331496206028174,True
2200,10,0.05,0.02,0.01855428509226298,3.961445714907737,2.9999999940226547,True
2200,10,0.1,0.02,0.03753716151140364,3.9424628384885962,2.999868340203689,True
2200,10,0.2,0.02,0.07550399119656612,3.904496008803434,2.980459953702652,True
2200,10,0.5,0.02,0.18940689874093336,3.790593101259067,2.607527678613823,True
2200,10,1.0,0.02,0.3782878175249912,3.601712182475009,1.9331496206028174,True
2200,20,0.05,0.04,0.01855428509226298,3.941445714907737,2.9999999940226547,True
2200,20,0.1,0.04,0.03753716151140364,3.9224628384885962,2.999868340203689,True
2200,20,0.2,0.04,0.07550399119656612,3.884496008803434,2.980459953702652,True
2200,20,0.5,0.04,0.18940689874093336,3.7705931012590668,2.607527678613823,True
2200,20,1.0,0.04,0.3782878175249912,3.581712182475009,1.9331496206028174,True
2200,30,0.05,0.06,0.01855428509226298,3.921445714907737,2.9999999940226547,True
2200,30,0.1,0.06,0.03753716151140364,3.902462838488596,2.999868340203689,True
2200,30,0.2,0.06,0.07550399119656612,3.864496008803434,2.980459953702652,True
2200,30,0.5,0.06,0.18940689874093336,3.7505931012590668,2.607527678613823,True
2200,30,1.0,0.06,0.3782878175249912,3.561712182475009,1.9331496206028174,True
2200,50,0.05,0.1,0.01855428509226298,3.881445714907737,2.9999999940226547,True
2200,50,0.1,0.1,0.03753716151140364,3.862462838488596,2.999868340203689,True
2200,50,0.2,0.1,0.07550399119656612,3.824496008803434,2.980459953702652,True
2200,50,0.5,0.1,0.18940689874093336,3.7105931012590667,2.607527678613823,True
2200,50,1.0,0.1,0.3782878175249912,3.521712182475009,1.9331496206028174,True
2200,75,0.05,0.15,0.01855428509226298,3.831445714907737,2.9999999940226547,True
2200,75,0.1,0.15,0.03753716151140364,3.8124628384885964,2.999868340203689,True
2200,75,0.2,0.15,0.07550399119656612,3.774496008803434,2.980459953702652,True
2200,75,0.5,0.15,0.18940689874093336,3.660593101259067,2.607527678613823,True
2200,75,1.0,0.15,0.3782878175249912,3.471712182475009,1.9331496206028174,True
2200,100,0.05,0.2,0.01855428509226298,3.7814457149077367,2.9999999940226547,True
2200,100,0.1,0.2,0.03753716151140364,3.762462838488596,2.999868340203689,True
2200,100,0.2,0.2,0.07550399119656612,3.724496008803434,2.980459953702652,True
2200,100,0.5,0.2,0.18940689874093336,3.6105931012590666,2.607527678613823,True
2200,100,1.0,0.2,0.3782878175249912,3.4217121824750087,1.9331496206028174,True
2200,150,0.05,0.3,0.01855428509226298,3.681445714907737,2.9999999940226547,True
2200,150,0.1,0.3,0.03753716151140364,3.6624628384885964,2.999868340203689,True
2200,150,0.2,0.3,0.07550399119656612,3.624496008803434,2.980459953702652,True
2200,150,0.5,0.3,0.18940689874093336,3.510593101259067,2.607527678613823,True
2200,150,1.0,0.3,0.3782878175249912,3.321712182475009,1.9331496206028174,False
3300,5,0.05,0.01,0.012369523394841984,3.9776304766051584,2.9999999940226547,True
3300,5,0.1,0.01,0.02502477434093576,3.9649752256590642,2.999868340203689,True
3300,5,0.2,0.01,0.050335994131044066,3.939664005868956,2.980459953702652,True
3300,5,0.5,0.01,0.1262712658272889,3.863728734172711,2.607527678613823,True
3300,5,1.0,0.01,0.2521918783499941,3.737808121650006,1.9331496206028174,True
3300,10,0.05,0.02,0.012369523394841984,3.967630476605158,2.9999999940226547,True
3300,10,0.1,0.02,0.02502477434093576,3.954975225659064,2.999868340203689,True
3300,10,0.2,0.02,0.050335994131044066,3.929664005868956,2.980459953702652,True
3300,10,0.5,0.02,0.1262712658272889,3.853728734172711,2.607527678613823,True
3300,10,1.0,0.02,0.2521918783499941,3.727808121650006,1.9331496206028174,True
3300,20,0.05,0.04,0.012369523394841984,3.947630476605158,2.9999999940226547,True
3300,20,0.1,0.04,0.02502477434093576,3.934975225659064,2.999868340203689,True
3300,20,0.2,0.04,0.050335994131044066,3.909664005868956,2.980459953702652,True
3300,20,0.5,0.04,0.1262712658272889,3.833728734172711,2.607527678613823,True
3300,20,1.0,0.04,0.2521918783499941,3.7078081216500056,1.9331496206028174,True
3300,30,0.05,0.06,0.012369523394841984,3.927630476605158,2.9999999940226547,True
3300,30,0.1,0.06,0.02502477434093576,3.914975225659064,2.999868340203689,True
3300,30,0.2,0.06,0.050335994131044066,3.8896640058689558,2.980459953702652,True
3300,30,0.5,0.06,0.1262712658272889,3.813728734172711,2.607527678613823,True
3300,30,1.0,0.06,0.2521918783499941,3.687808121650006,1.9331496206028174,True
3300,50,0.05,0.1,0.012369523394841984,3.887630476605158,2.9999999940226547,True
3300,50,0.1,0.1,0.02502477434093576,3.874975225659064,2.999868340203689,True
3300,50,0.2,0.1,0.050335994131044066,3.8496640058689557,2.980459953702652,True
3300,50,0.5,0.1,0.1262712658272889,3.773728734172711,2.607527678613823,True
3300,50,1.0,0.1,0.2521918783499941,3.647808121650006,1.9331496206028174,True
3300,75,0.05,0.15,0.012369523394841984,3.8376304766051583,2.9999999940226547,True
3300,75,0.1,0.15,0.02502477434093576,3.824975225659064,2.999868340203689,True
3300,75,0.2,0.15,0.050335994131044066,3.799664005868956,2.980459953702652,True
3300,75,0.5,0.15,0.1262712658272889,3.723728734172711,2.607527678613823,True
3300,75,1.0,0.15,0.2521918783499941,3.597808121650006,1.9331496206028174,True
3300,100,0.05,0.2,0.012369523394841984,3.787630476605158,2.9999999940226547,True
3300,100,0.1,0.2,0.02502477434093576,3.774975225659064,2.999868340203689,True
3300,100,0.2,0.2,0.050335994131044066,3.7496640058689557,2.980459953702652,True
3300,100,0.5,0.2,0.1262712658272889,3.6737287341727107,2.607527678613823,True
3300,100,1.0,0.2,0.2521918783499941,3.5478081216500055,1.9331496206028174,True
3300,150,0.05,0.3,0.012369523394841984,3.6876304766051584,2.9999999940226547,True
3300,150,0.1,0.3,0.02502477434093576,3.674975225659064,2.999868340203689,True
3300,150,0.2,0.3,0.050335994131044066,3.649664005868956,2.980459953702652,True
3300,150,0.5,0.3,0.1262712658272889,3.573728734172711,2.607527678613823,True
3300,150,1.0,0.3,0.2521918783499941,3.447808121650006,1.9331496206028174,True
4700,5,0.05,0.01,0.008684984511272031,3.981315015488728,2.9999999940226547,True
4700,5,0.1,0.01,0.017570586239380424,3.97242941376062,2.999868340203689,True
4700,5,0.2,0.01,0.03534229375158413,3.9546577062484163,2.980459953702652,True
4700,5,0.5,0.01,0.08865854834681985,3.90134145165318,2.607527678613823,True
4700,5,1.0,0.01,0.17707089330957032,3.81292910669043,1.9331496206028174,True
4700,10,0.05,0.02,0.008684984511272031,3.971315015488728,2.9999999940226547,True
4700,10,0.1,0.02,0.017570586239380424,3.9624294137606197,2.999868340203689,True
4700,10,0.2,0.02,0.03534229375158413,3.944657706248416,2.980459953702652,True
4700,10,0.5,0.02,0.08865854834681985,3.8913414516531803,2.607527678613823,True
4700,10,1.0,0.02,0.17707089330957032,3.8029291066904296,1.9331496206028174,True
4700,20,0.05,0.04,0.008684984511272031,3.9513150154887278,2.9999999940226547,True
4700,20,0.1,0.04,0.017570586239380424,3.9424294137606197,2.999868340203689,True
4700,20,0.2,0.04,0.03534229375158413,3.924657706248416,2.980459953702652,True
4700,20,0.5,0.04,0.08865854834681985,3.87134145165318,2.607527678613823,True
4700,20,1.0,0.04,0.17707089330957032,3.7829291066904296,1.9331496206028174,True
4700,30,0.05,0.06,0.008684984511272031,3.9313150154887277,2.9999999940226547,True
4700,30,0.1,0.06,0.017570586239380424,3.9224294137606197,2.999868340203689,True
4700,30,0.2,0.06,0.03534229375158413,3.904657706248416,2.980459953702652,True
4700,30,0.5,0.06,0.08865854834681985,3.8513414516531803,2.607527678613823,True
4700,30,1.0,0.06,0.17707089330957032,3.7629291066904296,1.9331496206028174,True
4700,50,0.05,0.1,0.008684984511272031,3.8913150154887277,2.9999999940226547,True
4700,50,0.1,0.1,0.017570586239380424,3.8824294137606197,2.999868340203689,True
4700,50,0.2,0.1,0.03534229375158413,3.864657706248416,2.980459953702652,True
4700,50,0.5,0.1,0.08865854834681985,3.8113414516531803,2.607527678613823,True
4700,50,1.0,0.1,0.17707089330957032,3.7229291066904295,1.9331496206028174,True
4700,75,0.05,0.15,0.008684984511272031,3.841315015488728,2.9999999940226547,True
4700,75,0.1,0.15,0.017570586239380424,3.83242941376062,2.999868340203689,True
4700,75,0.2,0.15,0.03534229375158413,3.814657706248416,2.980459953702652,True
4700,75,0.5,0.15,0.08865854834681985,3.7613414516531805,2.607527678613823,True
4700,75,1.0,0.15,0.17707089330957032,3.6729291066904297,1.9331496206028174,True
4700,100,0.05,0.2,0.008684984511272031,3.7913150154887276,2.9999999940226547,True
4700,100,0.1,0.2,0.017570586239380424,3.7824294137606196,2.999868340203689,True
4700,100,0.2,0.2,0.03534229375158413,3.764657706248416,2.980459953702652,True
4700,100,0.5,0.2,0.08865854834681985,3.7113414516531797,2.607527678613823,True
4700,100,1.0,0.2,0.17707089330957032,3.6229291066904294,1.9331496206028174,True
4700,150,0.05,0.3,0.008684984511272031,3.691315015488728,2.9999999940226547,True
4700,150,0.1,0.3,0.017570586239380424,3.68242941376062,2.999868340203689,True
4700,150,0.2,0.3,0.03534229375158413,3.6646577062484162,2.980459953702652,True
4700,150,0.5,0.3,0.08865854834681985,3.61134145165318,2.607527678613823,True
4700,150,1.0,0.3,0.17707089330957032,3.52292910669043,1.9331496206028174,True
6800,5,0.05,0.01,0.006002856941614493,3.9839971430583856,2.9999999940226547,True
6800,5,0.1,0.01,0.012144375783101177,3.977855624216899,2.999868340203689,True
6800,5,0.2,0.01,0.024427761857712563,3.9655722381422875,2.980459953702652,True
6800,5,0.5,0.01,0.06127870253383138,3.928721297466169,2.607527678613823,True
6800,5,1.0,0.01,0.1223872350816148,3.8676127649183853,1.9331496206028174,True
6800,10,0.05,0.02,0.006002856941614493,3.9739971430583854,2.9999999940226547,True
6800,10,0.1,0.02,0.012144375783101177,3.9678556242168987,2.999868340203689,True
6800,10,0.2,0.02,0.024427761857712563,3.9555722381422873,2.980459953702652,True
6800,10,0.5,0.02,0.06127870253383138,3.9187212974661687,2.607527678613823,True
6800,10,1.0,0.02,0.1223872350816148,3.857612764918385,1.9331496206028174,True
6800,20,0.05,0.04,0.006002856941614493,3.9539971430583853,2.9999999940226547,True
6800,20,0.1,0.04,0.012144375783101177,3.9478556242168987,2.999868340203689,True
6800,20,0.2,0.04,0.024427761857712563,3.9355722381422873,2.980459953702652,True
6800,20,0.5,0.04,0.06127870253383138,3.8987212974661687,2.607527678613823,True
6800,20,1.0,0.04,0.1223872350816148,3.837612764918385,1.9331496206028174,True
6800,30,0.05,0.06,0.006002856941614493,3.9339971430583853,2.9999999940226547,True
6800,30,0.1,0.06,0.012144375783101177,3.9278556242168987,2.999868340203689,True
6800,30,0.2,0.06,0.024427761857712563,3.9155722381422873,2.980459953702652,True
6800,30,0.5,0.06,0.06127870253383138,3.8787212974661687,2.607527678613823,True
6800,30,1.0,0.06,0.1223872350816148,3.817612764918385,1.9331496206028174,True
6800,50,0.05,0.1,0.006002856941614493,3.8939971430583853,2.9999999940226547,True
6800,50,0.1,0.1,0.012144375783101177,3.8878556242168987,2.999868340203689,True
6800,50,0.2,0.1,0.024427761857712563,3.8755722381422872,2.980459953702652,True
6800,50,0.5,0.1,0.06127870253383138,3.8387212974661686,2.607527678613823,True
6800,50,1.0,0.1,0.1223872350816148,3.777612764918385,1.9331496206028174,True
6800,75,0.05,0.15,0.006002856941614493,3.8439971430583855,2.9999999940226547,True
6800,75,0.1,0.15,0.012144375783101177,3.837855624216899,2.999868340203689,True
6800,75,0.2,0.15,0.024427761857712563,3.8255722381422874,2.980459953702652,True
6800,75,0.5,0.15,0.06127870253383138,3.788721297466169,2.607527678613823,True
6800,75,1.0,0.15,0.1223872350816148,3.7276127649183852,1.9331496206028174,True
6800,100,0.05,0.2,0.006002856941614493,3.793997143058385,2.9999999940226547,True
6800,100,0.1,0.2,0.012144375783101177,3.7878556242168986,2.999868340203689,True
6800,100,0.2,0.2,0.024427761857712563,3.775572238142287,2.980459953702652,True
6800,100,0.5,0.2,0.06127870253383138,3.7387212974661685,2.607527678613823,True
6800,100,1.0,0.2,0.1223872350816148,3.677612764918385,1.9331496206028174,True
6800,150,0.05,0.3,0.006002856941614493,3.6939971430583856,2.9999999940226547,True
6800,150,0.1,0.3,0.012144375783101177,3.687855624216899,2.999868340203689,True
6800,150,0.2,0.3,0.024427761857712563,3.6755722381422875,2.980459953702652,True
6800,150,0.5,0.3,0.06127870253383138,3.638721297466169,2.607527678613823,True
6800,150,1.0,0.3,0.1223872350816148,3.5776127649183853,1.9331496206028174,True
10000,5,0.05,0.01,0.004081942720297855,3.985918057279702,2.9999999940226547,True
10000,5,0.1,0.01,0.0082581755325088,3.9817418244674916,2.999868340203689,True
10000,5,0.2,0.01,0.01661087806324454,3.973389121936756,2.980459953702652,True
10000,5,0.5,0.01,0.04166951772300533,3.9483304822769947,2.607527678613823,True
10000,5,1.0,0.01,0.08322331985549805,3.9067766801445023,1.9331496206028174,True
10000,10,0.05,0.02,0.004081942720297855,3.975918057279702,2.9999999940226547,True
10000,10,0.1,0.02,0.0082581755325088,3.9717418244674914,2.999868340203689,True
10000,10,0.2,0.02,0.01661087806324454,3.9633891219367556,2.980459953702652,True
10000,10,0.5,0.02,0.04166951772300533,3.9383304822769944,2.607527678613823,True
10000,10,1.0,0.02,0.08322331985549805,3.896776680144502,1.9331496206028174,True
10000,20,0.05,0.04,0.004081942720297855,3.955918057279702,2.9999999940226547,True
10000,20,0.1,0.04,0.0082581755325088,3.9517418244674913,2.999868340203689,True
10000,20,0.2,0.04,0.01661087806324454,3.9433891219367556,2.980459953702652,True
10000,20,0.5,0.04,0.04166951772300533,3.9183304822769944,2.607527678613823,True
10000,20,1.0,0.04,0.08322331985549805,3.876776680144502,1.9331496206028174,True
10000,30,0.05,0.06,0.004081942720297855,3.935918057279702,2.9999999940226547,True
10000,30,0.1,0.06,0.0082581755325088,3.9317418244674913,2.999868340203689,True
10000,30,0.2,0.06,0.01661087806324454,3.9233891219367556,2.980459953702652,True
10000,30,0.5,0.06,0.04166951772300533,3.8983304822769944,2.607527678613823,True
10000,30,1.0,0.06,0.08322331985549805,3.856776680144502,1.9331496206028174,True
10000,50,0.05,0.1,0.004081942720297855,3.895918057279702,2.9999999940226547,True
10000,50,0.1,0.1,0.0082581755325088,3.8917418244674913,2.999868340203689,True
10000,50,0.2,0.1,0.01661087806324454,3.8833891219367556,2.980459953702652,True
10000,50,0.5,0.1,0.04166951772300533,3.8583304822769944,2.607527678613823,True
10000,50,1.0,0.1,0.08322331985549805,3.816776680144502,1.9331496206028174,True
10000,75,0.05,0.15,0.004081942720297855,3.845918057279702,2.9999999940226547,True
10000,75,0.1,0.15,0.0082581755325088,3.8417418244674915,2.999868340203689,True
10000,75,0.2,0.15,0.01661087806324454,3.8333891219367557,2.980459953702652,True
10000,75,0.5,0.15,0.04166951772300533,3.8083304822769946,2.607527678613823,True
10000,75,1.0,0.15,0.08322331985549805,3.766776680144502,1.9331496206028174,True
10000,100,0.05,0.2,0.004081942720297855,3.7959180572797018,2.9999999940226547,True
10000,100,0.1,0.2,0.0082581755325088,3.791741824467491,2.999868340203689,True
10000,100,0.2,0.2,0.01661087806324454,3.7833891219367555,2.980459953702652,True
10000,100,0.5,0.2,0.04166951772300533,3.7583304822769943,2.607527678613823,True
10000,100,1.0,0.2,0.08322331985549805,3.716776680144502,1.9331496206028174,True
10000,150,0.05,0.3,0.004081942720297855,3.695918057279702,2.9999999940226547,True
10000,150,0.1,0.3,0.0082581755325088,3.6917418244674916,2.999868340203689,True
10000,150,0.2,0.3,0.01661087806324454,3.683389121936756,2.980459953702652,True
10000,150,0.5,0.3,0.04166951772300533,3.6583304822769946,2.607527678613823,True
10000,150,1.0,0.3,0.08322331985549805,3.6167766801445023,1.9331496206028174,True
