scenario_name,crash_event,detected,false_activation,missed_event,time_to_detection_min,detection_lead_time_min,min_do_mg_l,peak_crash_score,aerator_samples,total_samples,fail_safe_activation
generated_0000,True,True,False,False,0.0,0.0,2.824,88.21677604848823,23,145,False
generated_0001,True,True,False,False,0.0,0.0,3.9934348865422966,46.08709736448737,14,73,False
generated_0002,False,True,True,False,,,6.0998275768,80.58184767243011,36,109,True
generated_0003,True,True,False,False,0.0,0.0,3.08,76.71496954338542,21,109,False
generated_0004,True,True,False,False,-275.0,275.0,3.495,82.53804619264147,36,145,True
generated_0005,True,True,False,False,0.0,0.0,3.727,52.110982825924424,16,145,False
generated_0006,True,True,False,False,-330.0,330.0,3.278,99.92775570899606,58,109,True
generated_0007,False,True,True,False,,,5.983785353994,96.60719775803295,31,73,True
generated_0008,True,True,False,False,-270.0,270.0,3.158,87.4579342801899,20,73,True
generated_0009,False,True,True,False,,,4.036448294070511,47.41105558195389,14,109,False
generated_0010,False,True,True,False,,,4.014152739981076,67.94537363839555,13,109,False
generated_0011,False,True,True,False,,,4.041,69.80962496401176,14,73,False
generated_0012,False,True,True,False,,,4.0440999456293465,50.12382169705626,13,145,False
generated_0013,True,True,False,False,0.0,0.0,3.031,70.3609794498745,22,145,False
generated_0014,False,False,False,False,,,5.402064734267492,21.748136623914533,0,73,False
generated_0015,True,True,False,False,-535.0,535.0,3.391,75.68064985859134,28,145,False
generated_0016,True,True,False,False,-265.0,265.0,3.325,95.0,47,109,True
generated_0017,True,True,False,False,-280.0,280.0,2.903,97.44429096964066,32,109,True
generated_0018,False,False,False,False,,,4.721679540708496,29.462947255837378,0,109,False
generated_0019,False,True,True,False,,,6.359735288092505,98.06887746038431,16,145,True
generated_0020,False,False,False,False,,,6.160474649577696,21.64964325202126,0,109,False
generated_0021,True,True,False,False,-495.0,495.0,3.211,87.5,36,109,True
generated_0022,True,True,False,False,0.0,0.0,3.538,87.82089173694769,18,109,False
generated_0023,True,True,False,False,5.0,-5.0,3.986980670143341,46.22491050064234,14,109,False
generated_0024,True,True,False,False,0.0,0.0,3.612,69.69016891414367,16,145,False
generated_0025,True,True,False,False,5.0,-5.0,3.746,68.13773555385453,30,145,False
generated_0026,False,True,True,False,,,7.536,95.0,24,73,True
generated_0027,True,True,False,False,0.0,0.0,3.868,66.90373511040242,13,145,False
generated_0028,False,True,True,False,,,7.5224668779662975,83.83331583128523,23,73,True
generated_0029,False,True,True,False,,,5.444535196569091,77.78311300708465,7,73,True
generated_0030,True,True,False,False,-255.0,255.0,3.695,89.46279621510541,35,73,True
generated_0031,False,True,True,False,,,4.000102938964378,51.07759754102905,13,145,False
generated_0032,True,True,False,False,-270.0,270.0,3.199,87.5,40,109,True
generated_0033,True,True,False,False,-270.0,270.0,3.974,77.34381147240768,32,73,True
generated_0034,True,True,False,False,0.0,0.0,3.9905732331857426,66.45149052077521,14,73,False
generated_0035,True,True,False,False,-505.0,505.0,3.925,85.79941036304953,26,145,True
generated_0036,True,True,False,False,-255.0,255.0,2.985,100.0,29,73,True
generated_0037,True,True,False,False,-325.0,325.0,3.462,90.17060787494843,40,145,True
generated_0038,False,True,True,False,,,4.056,70.62744039499869,13,145,False
generated_0039,True,True,False,False,-265.0,265.0,3.752,94.10769821566845,61,145,True
generated_0040,False,True,True,False,,,5.4059638388682725,81.82560629045688,21,145,True
generated_0041,False,True,True,False,,,4.001,97.33933533804372,72,145,True
generated_0042,False,False,False,False,,,5.34774801876375,20.273291836001057,0,109,False
generated_0043,False,False,False,False,,,4.033728709334425,58.70332455545027,0,109,False
generated_0044,False,False,False,False,,,5.386730366445884,19.306805694162815,0,73,False
generated_0045,True,True,False,False,-315.0,315.0,3.526,95.0,27,73,True
generated_0046,True,True,False,False,0.0,0.0,3.539,77.84243598507217,18,145,False
generated_0047,False,True,True,False,,,4.060914664520419,46.45985901084148,13,109,False
generated_0048,False,True,True,False,,,4.013971147076897,49.20501116340969,2,73,False
generated_0049,True,True,False,False,-315.0,315.0,3.28,95.0,29,73,True
generated_0050,True,True,False,False,-635.0,635.0,3.943,89.62378707021182,59,145,True
generated_0051,False,True,True,False,,,7.028391373148305,95.0,45,145,True
generated_0052,True,True,False,False,-320.0,320.0,3.601,92.7367260135816,34,73,True
generated_0053,False,False,False,False,,,4.636074995375766,28.0388670995422,0,109,False
generated_0054,True,True,False,False,-250.0,250.0,3.745,79.88141741107722,29,73,True
generated_0055,False,True,True,False,,,4.036,95.0,26,73,True
generated_0056,True,True,False,False,0.0,0.0,3.236,77.26228498905822,20,109,False
generated_0057,False,False,False,False,,,6.781029204174171,21.069977683889856,0,73,False
generated_0058,False,True,True,False,,,4.044,95.0,51,109,True
generated_0059,False,True,True,False,,,6.940764091509758,76.5939196558275,22,145,True
generated_0060,True,True,False,False,-280.0,280.0,3.774,95.0,59,145,True
generated_0061,False,False,False,False,,,5.992624934068238,19.120678156577718,0,145,False
generated_0062,False,False,False,False,,,6.211449990340586,16.47965933553187,0,73,False
generated_0063,True,True,False,False,5.0,-5.0,3.611,69.36902825218102,30,145,False
generated_0064,False,True,True,False,,,4.005339736242561,60.70348440075507,12,145,False
generated_0065,False,True,True,False,,,4.238802028696001,95.0,45,109,True
generated_0066,False,False,False,False,,,4.58051720214421,31.070085460252905,0,109,False
generated_0067,True,True,False,False,5.0,-5.0,3.9842932388809453,43.66720389109518,14,73,False
generated_0068,False,True,True,False,,,4.033917126484804,45.84810983247658,14,145,False
generated_0069,True,True,False,False,-430.0,430.0,3.499,79.86149316618155,33,145,True
generated_0070,True,True,False,False,0.0,0.0,3.774,66.88828664620844,9,109,False
generated_0071,True,True,False,False,0.0,0.0,2.87,80.52589099256534,23,145,False
generated_0072,True,True,False,False,0.0,0.0,3.343,79.10952671797959,18,145,False
generated_0073,False,False,False,False,,,5.603626635457989,18.512926419996877,0,109,False
generated_0074,False,False,False,False,,,4.710474706157705,29.078106242506852,0,109,False
generated_0075,False,True,True,False,,,7.7198060182121555,68.64663542770987,12,109,True
generated_0076,False,True,True,False,,,5.176,87.5,39,109,True
generated_0077,True,True,False,False,0.0,0.0,3.375,79.16923291737507,13,145,False
generated_0078,True,True,False,False,0.0,0.0,3.9999134870234254,39.8371303862956,13,145,False
generated_0079,True,True,False,False,0.0,0.0,3.9971481441801675,63.25633495928075,10,109,False
generated_0080,True,True,False,False,-320.0,320.0,3.205,74.73094896120321,29,109,False
generated_0081,False,True,True,False,,,4.150159915497353,66.17880764819918,19,73,True
generated_0082,True,True,False,False,5.0,-5.0,3.9880194308169044,43.63194568667018,14,73,False
generated_0083,True,True,False,False,0.0,0.0,2.867,82.46954831523885,24,109,False
generated_0084,False,False,False,False,,,5.463249078781287,18.285323505952935,0,109,False
generated_0085,True,True,False,False,-410.0,410.0,3.412,92.5,49,109,True
generated_0086,True,True,False,False,0.0,0.0,2.809,83.33130069073182,24,73,False
generated_0087,True,True,False,False,-300.0,300.0,3.485,95.90959769934085,32,73,True
generated_0088,False,True,True,False,,,4.050403101401851,80.6361542467051,41,145,True
generated_0089,False,False,False,False,,,4.1326112320804524,54.97539294689513,0,109,False
generated_0090,False,False,False,False,,,5.380474276482917,19.710724329494987,0,73,False
generated_0091,False,True,True,False,,,5.763,95.0,41,109,True
generated_0092,False,False,False,False,,,5.652922341821609,17.443787107273156,0,73,False
generated_0093,False,True,True,False,,,4.0093480475219225,41.463446726571526,13,145,False
generated_0094,False,False,False,False,,,6.023817995624059,19.95744857452706,0,73,False
generated_0095,False,True,True,False,,,7.406539239435374,76.8237077124237,22,73,True
generated_0096,False,True,True,False,,,5.325668838816783,73.97895518791266,18,145,True
generated_0097,True,True,False,False,-255.0,255.0,3.516,97.00842942243564,62,145,True
generated_0098,False,True,True,False,,,7.588200792949153,79.52518763166302,9,73,True
generated_0099,False,False,False,False,,,6.522174322939774,21.640948664703984,0,109,False
